good/105.png,good
good/088.png,good
good/129.png,good
good/052.png,good
good/123.png,good
good/004.png,good
good/020.png,good
good/078.png,good
good/050.png,good
good/031.png,good
good/086.png,good
good/029.png,good
good/035.png,good
good/081.png,good
good/103.png,good
good/207.png,good
good/206.png,good
good/049.png,good
good/009.png,good
good/162.png,good
good/091.png,good
good/109.png,good
good/037.png,good
good/054.png,good
good/126.png,good
good/170.png,good
good/110.png,good
good/015.png,good
good/041.png,good
good/095.png,good
good/188.png,good
good/165.png,good
good/005.png,good
good/048.png,good
good/132.png,good
good/160.png,good
good/118.png,good
good/042.png,good
good/069.png,good
good/104.png,good
good/044.png,good
good/198.png,good
good/074.png,good
good/101.png,good
good/112.png,good
good/176.png,good
good/084.png,good
good/135.png,good
good/025.png,good
good/146.png,good
good/001.png,good
good/039.png,good
good/003.png,good
good/028.png,good
good/194.png,good
good/011.png,good
good/034.png,good
good/087.png,good
good/043.png,good
good/079.png,good
good/201.png,good
good/151.png,good
good/040.png,good
good/124.png,good
good/113.png,good
good/077.png,good
good/159.png,good
good/059.png,good
good/204.png,good
good/046.png,good
good/202.png,good
good/033.png,good
good/016.png,good
good/026.png,good
good/148.png,good
good/163.png,good
good/182.png,good
good/168.png,good
good/096.png,good
good/122.png,good
good/083.png,good
good/210.png,good
good/019.png,good
good/131.png,good
good/152.png,good
good/065.png,good
good/007.png,good
good/147.png,good
good/094.png,good
good/021.png,good
good/173.png,good
good/199.png,good
good/136.png,good
good/166.png,good
good/098.png,good
good/002.png,good
good/193.png,good
good/177.png,good
good/144.png,good
good/115.png,good
good/012.png,good
good/066.png,good
good/137.png,good
good/073.png,good
good/107.png,good
good/117.png,good
good/017.png,good
good/169.png,good
good/125.png,good
good/172.png,good
good/187.png,good
good/155.png,good
good/208.png,good
good/057.png,good
good/080.png,good
good/036.png,good
good/013.png,good
good/047.png,good
good/140.png,good
good/102.png,good
good/158.png,good
good/185.png,good
good/128.png,good
good/067.png,good
good/149.png,good
good/161.png,good
good/075.png,good
good/000.png,good
good/053.png,good
good/108.png,good
good/027.png,good
good/093.png,good
good/099.png,good
good/106.png,good
good/154.png,good
good/056.png,good
good/157.png,good
good/195.png,good
good/180.png,good
good/171.png,good
good/111.png,good
good/175.png,good
good/153.png,good
good/116.png,good
good/121.png,good
good/082.png,good
good/045.png,good
good/200.png,good
good/097.png,good
good/072.png,good
good/184.png,good
good/062.png,good
good/203.png,good
good/010.png,good
good/038.png,good
good/030.png,good
good/022.png,good
good/133.png,good
good/032.png,good
good/178.png,good
good/156.png,good
good/143.png,good
good/179.png,good
good/141.png,good
good/008.png,good
good/076.png,good
good/090.png,good
good/127.png,good
good/055.png,good
good/150.png,good
good/089.png,good
good/064.png,good
good/181.png,good
good/058.png,good
good/196.png,good
good/138.png,good
good/134.png,good
good/130.png,good
good/063.png,good
good/164.png,good
good/192.png,good
good/145.png,good
good/120.png,good
good/212.png,good
good/051.png,good
good/174.png,good
good/183.png,good
good/186.png,good
good/197.png,good
good/167.png,good
good/006.png,good
good/024.png,good
good/142.png,good
good/100.png,good
good/014.png,good
good/060.png,good
good/189.png,good
good/092.png,good
good/190.png,good
good/191.png,good
good/085.png,good
good/070.png,good
good/068.png,good
good/061.png,good
good/139.png,good
good/114.png,good
good/205.png,good
good/209.png,good
good/023.png,good
good/119.png,good
good/018.png,good
good/211.png,good
good/071.png,good
